addresspoid,housenum,b7sc,atomicid,geo_housenum,geo_streetname,geo_borough_code,geo_b10sc,geo_censtract,geo_atomicpolygon,geo_grc,geo_grc2,geo_reason_code,geo_message
112559,139-15,45926001,4094500139,139-15,POINT CRESCENT,4,45926001010,000000,"",42,"","",ADDRESS NUMBER OUT OF RANGE
44019,41-100,44209001,4046300103,41-100,DENMAN STREET,4,44209001010,000000,"",42,"","",ADDRESS NUMBER OUT OF RANGE
112785,39,40549001,4094500110,39,9 AVENUE,4,40549001010,000000,"",75,"","",DUPLICATE ADDRESS-USE 9 AVENUE MALBA OR 9 AVENUE ROCKAWAYS
112791,141-16,40539001,4094500110,141-16,8 AVENUE,4,40539001010,000000,"",42,"","",ADDRESS NUMBER OUT OF RANGE
112795,141-24,40539001,4094500110,141-24,8 AVENUE,4,40539001010,000000,"",42,"","",ADDRESS NUMBER OUT OF RANGE
112797,141-32,40539001,4094500110,141-32,8 AVENUE,4,40539001010,000000,"",42,"","",ADDRESS NUMBER OUT OF RANGE
112801,141-28,40539001,4094500110,141-28,8 AVENUE,4,40539001010,000000,"",42,"","",ADDRESS NUMBER OUT OF RANGE
112807,141-59,40549001,4094500110,141-59,9 AVENUE,4,40549001010,000000,"",42,"","",ADDRESS NUMBER OUT OF RANGE
112809,23,40549001,4094500110,23,9 AVENUE,4,40549001010,000000,"",75,"","",DUPLICATE ADDRESS-USE 9 AVENUE MALBA OR 9 AVENUE ROCKAWAYS
112810,141-47,40549001,4094500110,141-47,9 AVENUE,4,40549001010,000000,"",42,"","",ADDRESS NUMBER OUT OF RANGE
112813,27,40549001,4094500110,27,9 AVENUE,4,40549001010,000000,"",75,"","",DUPLICATE ADDRESS-USE 9 AVENUE MALBA OR 9 AVENUE ROCKAWAYS
112814,141-41,40549001,4094500110,141-41,9 AVENUE,4,40549001010,000000,"",42,"","",ADDRESS NUMBER OUT OF RANGE
112817,29,40549001,4094500110,29,9 AVENUE,4,40549001010,000000,"",75,"","",DUPLICATE ADDRESS-USE 9 AVENUE MALBA OR 9 AVENUE ROCKAWAYS
112818,141-35,40549001,4094500110,141-35,9 AVENUE,4,40549001010,000000,"",42,"","",ADDRESS NUMBER OUT OF RANGE
112821,31,40549001,4094500110,31,9 AVENUE,4,40549001010,000000,"",75,"","",DUPLICATE ADDRESS-USE 9 AVENUE MALBA OR 9 AVENUE ROCKAWAYS
112822,141-29,40549001,4094500110,141-29,9 AVENUE,4,40549001010,000000,"",42,"","",ADDRESS NUMBER OUT OF RANGE
112825,33,40549001,4094500110,33,9 AVENUE,4,40549001010,000000,"",75,"","",DUPLICATE ADDRESS-USE 9 AVENUE MALBA OR 9 AVENUE ROCKAWAYS
112826,141-19,40549001,4094500110,141-19,9 AVENUE,4,40549001010,000000,"",42,"","",ADDRESS NUMBER OUT OF RANGE
112829,35,40549001,4094500110,35,9 AVENUE,4,40549001010,000000,"",75,"","",DUPLICATE ADDRESS-USE 9 AVENUE MALBA OR 9 AVENUE ROCKAWAYS
113059,20,40534001,4094500107,20,7 AVENUE,4,40534001010,000000,"",75,"","",DUPLICATE ADDRESS-USE 7 AVENUE MALBA OR 7 AVENUE ROCKAWAYS
113064,6,40534001,4094500107,6,7 AVENUE,4,40534001010,000000,"",75,"","",DUPLICATE ADDRESS-USE 7 AVENUE MALBA OR ????????????????????????????????
113096,1,40549001,4094500111,1,9 AVENUE,4,40549001010,000000,"",75,"","",DUPLICATE ADDRESS-USE 9 AVENUE MALBA OR 9 AVENUE ROCKAWAYS
113099,7,40549001,4094500111,7,9 AVENUE,4,40549001010,000000,"",75,"","",DUPLICATE ADDRESS-USE 9 AVENUE MALBA OR 9 AVENUE ROCKAWAYS
113103,9,40549001,4094500111,9,9 AVENUE,4,40549001010,000000,"",75,"","",DUPLICATE ADDRESS-USE 9 AVENUE MALBA OR 9 AVENUE ROCKAWAYS
113111,15,40549001,4094500111,15,9 AVENUE,4,40549001010,000000,"",75,"","",DUPLICATE ADDRESS-USE 9 AVENUE MALBA OR 9 AVENUE ROCKAWAYS
113115,19,40549001,4094500111,19,9 AVENUE,4,40549001010,000000,"",75,"","",DUPLICATE ADDRESS-USE 9 AVENUE MALBA OR 9 AVENUE ROCKAWAYS
112759,34,40534001,4094500135,34,7 AVENUE,4,40534001010,000000,"",75,"","",DUPLICATE ADDRESS-USE 7 AVENUE MALBA OR 7 AVENUE ROCKAWAYS
112762,32,40534001,4094500135,32,7 AVENUE,4,40534001010,000000,"",75,"","",DUPLICATE ADDRESS-USE 7 AVENUE MALBA OR 7 AVENUE ROCKAWAYS
112763,30,40534001,4094500135,30,7 AVENUE,4,40534001010,000000,"",75,"","",DUPLICATE ADDRESS-USE 7 AVENUE MALBA OR 7 AVENUE ROCKAWAYS
112765,28,40534001,4094500135,28,7 AVENUE,4,40534001010,000000,"",75,"","",DUPLICATE ADDRESS-USE 7 AVENUE MALBA OR 7 AVENUE ROCKAWAYS
112766,28,40534001,4094500135,28,7 AVENUE,4,40534001010,000000,"",75,"","",DUPLICATE ADDRESS-USE 7 AVENUE MALBA OR 7 AVENUE ROCKAWAYS
112830,141-15,40549001,4094500110,141-15,9 AVENUE,4,40549001010,000000,"",42,"","",ADDRESS NUMBER OUT OF RANGE
112840,44,43865001,4094500113,44,CENTER DRIVE,4,43865001010,000000,"",42,"","",ADDRESS NUMBER OUT OF RANGE
113018,1,40514002,4094500102,1,SUMMIT PLACE,4,40514002010,000000,"",42,"","",ADDRESS NUMBER OUT OF RANGE
113185,125,45939501,4094500132,125,POWELLS COVE DRIVE,4,45939501010,000000,"",42,"","",ADDRESS NUMBER OUT OF RANGE
113255,145-03,40534001,4094500104,145-03,7 AVENUE,4,40534001010,000000,"",42,"","",ADDRESS NUMBER OUT OF RANGE
245870,183-11,40029101,4040400309,183-11,110 AVENUE,4,40029101010,000000,"",42,"","",ADDRESS NUMBER OUT OF RANGE
187060,21,43865001,4148300414,21,CENTER DRIVE,4,43865001010,000000,"",75,"","",DUPLICATE ADDRESS-USE CENTER DRIVE DOUGLASTON OR CENTER DRIVE MALBA
245930,187-15,40029101,4040400316,187-15,110 AVENUE,4,40029101010,000000,"",42,"","",ADDRESS NUMBER OUT OF RANGE
245931,187-09,40029101,4040400316,187-09,110 AVENUE,4,40029101010,000000,"",42,"","",ADDRESS NUMBER OUT OF RANGE
245932,187-05,40029101,4040400316,187-05,110 AVENUE,4,40029101010,000000,"",42,"","",ADDRESS NUMBER OUT OF RANGE
245933,187-01,40029101,4040400316,187-01,110 AVENUE,4,40029101010,000000,"",42,"","",ADDRESS NUMBER OUT OF RANGE
245934,186-27,40029101,4040400316,186-27,110 AVENUE,4,40029101010,000000,"",42,"","",ADDRESS NUMBER OUT OF RANGE
245935,186-23,40029101,4040400316,186-23,110 AVENUE,4,40029101010,000000,"",42,"","",ADDRESS NUMBER OUT OF RANGE
245936,186-19,40029101,4040400316,186-19,110 AVENUE,4,40029101010,000000,"",42,"","",ADDRESS NUMBER OUT OF RANGE
245937,186-15,40029101,4040400316,186-15,110 AVENUE,4,40029101010,000000,"",42,"","",ADDRESS NUMBER OUT OF RANGE
245938,186-09,40029101,4040400316,186-09,110 AVENUE,4,40029101010,000000,"",42,"","",ADDRESS NUMBER OUT OF RANGE
245939,186-05,40029101,4040400316,186-05,110 AVENUE,4,40029101010,000000,"",42,"","",ADDRESS NUMBER OUT OF RANGE
245835,183-01,40029101,4040400309,183-01,110 AVENUE,4,40029101010,000000,"",42,"","",ADDRESS NUMBER OUT OF RANGE
245854,183-77,40029101,4040400309,183-77,110 AVENUE,4,40029101010,000000,"",42,"","",ADDRESS NUMBER OUT OF RANGE
245855,183-73,40029101,4040400309,183-73,110 AVENUE,4,40029101010,000000,"",42,"","",ADDRESS NUMBER OUT OF RANGE
245856,183-69,40029101,4040400309,183-69,110 AVENUE,4,40029101010,000000,"",42,"","",ADDRESS NUMBER OUT OF RANGE
245857,183-65,40029101,4040400309,183-65,110 AVENUE,4,40029101010,000000,"",42,"","",ADDRESS NUMBER OUT OF RANGE
245858,183-61,40029101,4040400309,183-61,110 AVENUE,4,40029101010,000000,"",42,"","",ADDRESS NUMBER OUT OF RANGE
245859,183-57,40029101,4040400309,183-57,110 AVENUE,4,40029101010,000000,"",42,"","",ADDRESS NUMBER OUT OF RANGE
245860,183-53,40029101,4040400309,183-53,110 AVENUE,4,40029101010,000000,"",42,"","",ADDRESS NUMBER OUT OF RANGE
245861,183-49,40029101,4040400309,183-49,110 AVENUE,4,40029101010,000000,"",42,"","",ADDRESS NUMBER OUT OF RANGE
245862,183-45,40029101,4040400309,183-45,110 AVENUE,4,40029101010,000000,"",42,"","",ADDRESS NUMBER OUT OF RANGE
245863,183-41,40029101,4040400309,183-41,110 AVENUE,4,40029101010,000000,"",42,"","",ADDRESS NUMBER OUT OF RANGE
245864,183-37,40029101,4040400309,183-37,110 AVENUE,4,40029101010,000000,"",42,"","",ADDRESS NUMBER OUT OF RANGE
245865,183-33,40029101,4040400309,183-33,110 AVENUE,4,40029101010,000000,"",42,"","",ADDRESS NUMBER OUT OF RANGE
245866,183-29,40029101,4040400309,183-29,110 AVENUE,4,40029101010,000000,"",42,"","",ADDRESS NUMBER OUT OF RANGE
245867,183-25,40029101,4040400309,183-25,110 AVENUE,4,40029101010,000000,"",42,"","",ADDRESS NUMBER OUT OF RANGE
245868,183-21,40029101,4040400309,183-21,110 AVENUE,4,40029101010,000000,"",42,"","",ADDRESS NUMBER OUT OF RANGE
245869,183-17,40029101,4040400309,183-17,110 AVENUE,4,40029101010,000000,"",42,"","",ADDRESS NUMBER OUT OF RANGE
245871,183-07,40029101,4040400309,183-07,110 AVENUE,4,40029101010,000000,"",42,"","",ADDRESS NUMBER OUT OF RANGE
245907,186-01,40029101,4040400316,186-01,110 AVENUE,4,40029101010,000000,"",42,"","",ADDRESS NUMBER OUT OF RANGE
245923,188-15,40029101,4040400316,188-15,110 AVENUE,4,40029101010,000000,"",42,"","",ADDRESS NUMBER OUT OF RANGE
245925,188-09,40029101,4040400316,188-09,110 AVENUE,4,40029101010,000000,"",42,"","",ADDRESS NUMBER OUT OF RANGE
245926,188-05,40029101,4040400316,188-05,110 AVENUE,4,40029101010,000000,"",42,"","",ADDRESS NUMBER OUT OF RANGE
245927,188-01,40029101,4040400316,188-01,110 AVENUE,4,40029101010,000000,"",42,"","",ADDRESS NUMBER OUT OF RANGE
245928,187-23,40029101,4040400316,187-23,110 AVENUE,4,40029101010,000000,"",42,"","",ADDRESS NUMBER OUT OF RANGE
245929,187-19,40029101,4040400316,187-19,110 AVENUE,4,40029101010,000000,"",42,"","",ADDRESS NUMBER OUT OF RANGE
357539,107-60,41489002,4071100101,107-60,71 AVENUE,4,41489002010,000000,"",50,"",1,71 AVENUE IS AN INVALID STREET NAME FOR THIS LOCATION
247608,186-20,40029101,4040400307,186-20,110 AVENUE,4,40029101010,000000,"",42,"","",ADDRESS NUMBER OUT OF RANGE
247609,186-16,40029101,4040400307,186-16,110 AVENUE,4,40029101010,000000,"",42,"","",ADDRESS NUMBER OUT OF RANGE
247610,186-12,40029101,4040400307,186-12,110 AVENUE,4,40029101010,000000,"",42,"","",ADDRESS NUMBER OUT OF RANGE
247611,186-08,40029101,4040400307,186-08,110 AVENUE,4,40029101010,000000,"",42,"","",ADDRESS NUMBER OUT OF RANGE
247612,186-04,40029101,4040400307,186-04,110 AVENUE,4,40029101010,000000,"",42,"","",ADDRESS NUMBER OUT OF RANGE
247633,187-20,40029101,4040400303,187-20,110 AVENUE,4,40029101010,000000,"",42,"","",ADDRESS NUMBER OUT OF RANGE
247634,187-16,40029101,4040400303,187-16,110 AVENUE,4,40029101010,000000,"",42,"","",ADDRESS NUMBER OUT OF RANGE
247635,187-10,40029101,4040400303,187-10,110 AVENUE,4,40029101010,000000,"",42,"","",ADDRESS NUMBER OUT OF RANGE
247636,187-06,40029101,4040400303,187-06,110 AVENUE,4,40029101010,000000,"",42,"","",ADDRESS NUMBER OUT OF RANGE
247637,187-02,40029101,4040400303,187-02,110 AVENUE,4,40029101010,000000,"",42,"","",ADDRESS NUMBER OUT OF RANGE
247648,188-16,40029101,4040400304,188-16,110 AVENUE,4,40029101010,000000,"",42,"","",ADDRESS NUMBER OUT OF RANGE
247650,188-06,40029101,4040400304,188-06,110 AVENUE,4,40029101010,000000,"",42,"","",ADDRESS NUMBER OUT OF RANGE
283893,133-04,46629002,4081400105,133-04,VAN WYCK EXPRESSWAY SR WEST,4,46629002010,000000,"",75,"","",DUPLICATE ADDRESS-USE VAN WYCK EXPWY S OZONE PRK OR WHITESTONE EXPWY FLUSHING
283894,133-08,46629002,4081400105,133-08,VAN WYCK EXPRESSWAY SR WEST,4,46629002010,000000,"",75,"","",DUPLICATE ADDRESS-USE VAN WYCK EXPWY S OZONE PRK OR WHITESTONE EXPWY FLUSHING
283895,133-12,46629002,4081400105,133-12,VAN WYCK EXPRESSWAY SR WEST,4,46629002010,000000,"",75,"","",DUPLICATE ADDRESS-USE VAN WYCK EXPWY S OZONE PRK OR WHITESTONE EXPWY FLUSHING
283896,133-16,46629002,4081400105,133-16,VAN WYCK EXPRESSWAY SR WEST,4,46629002010,000000,"",75,"","",DUPLICATE ADDRESS-USE VAN WYCK EXPWY S OZONE PRK OR WHITESTONE EXPWY FLUSHING
283897,133-20,46629002,4081400105,133-20,VAN WYCK EXPRESSWAY SR WEST,4,46629002010,000000,"",75,"","",DUPLICATE ADDRESS-USE VAN WYCK EXPWY S OZONE PRK OR WHITESTONE EXPWY FLUSHING
283898,133-24,46629002,4081400105,133-24,VAN WYCK EXPRESSWAY SR WEST,4,46629002010,000000,"",75,"","",DUPLICATE ADDRESS-USE VAN WYCK EXPWY S OZONE PRK OR WHITESTONE EXPWY FLUSHING
357983,20,43865001,4148300415,20,CENTER DRIVE,4,43865001010,000000,"",75,"","",DUPLICATE ADDRESS-USE CENTER DRIVE DOUGLASTON OR CENTER DRIVE MALBA
1062960,336B,11401001,1003300101,336B,CANAL STREET,1,11401001010,000000,"",42,"","",ADDRESS NUMBER OUT OF RANGE
1000107,10A,11263001,1000500964,10A,BARRY ROAD,1,11263001010,000000,"",42,"","",ADDRESS NUMBER OUT OF RANGE
1000108,10B,11263001,1000500964,10B,BARRY ROAD,1,11263001010,000000,"",42,"","",ADDRESS NUMBER OUT OF RANGE
1012312,68A,12669001,1006700410,68A,MORTON STREET,1,12669001010,000000,"",42,"","",ADDRESS NUMBER OUT OF RANGE
1032177,8891/2,11001001,1009800202,889 1/2,1 AVENUE,1,11001001010,000000,"",42,"","",ADDRESS NUMBER OUT OF RANGE
1000008,920,11614701,1000500903,920,CRAIG ROAD SOUTH,1,11614701010,000000,"",42,"","",ADDRESS NUMBER OUT OF RANGE
1002933,336A,11401001,1003300101,336A,CANAL STREET,1,11401001010,000000,"",42,"","",ADDRESS NUMBER OUT OF RANGE
2023109,7351/2,22727001,2039300105,735 1/2,EAST  187 STREET,2,22727001010,000000,"",42,"","",ADDRESS NUMBER OUT OF RANGE
2002389,D,26562001,2007100103,D,ST ANNS AVENUE,2,26562001010,000000,"",42,"","",ADDRESS NUMBER OUT OF RANGE
2002391,D,26562001,2007100103,D,ST ANNS AVENUE,2,26562001010,000000,"",42,"","",ADDRESS NUMBER OUT OF RANGE
2002393,D,26562001,2007100103,D,ST ANNS AVENUE,2,26562001010,000000,"",42,"","",ADDRESS NUMBER OUT OF RANGE
2002395,D,26562001,2007100103,D,ST ANNS AVENUE,2,26562001010,000000,"",42,"","",ADDRESS NUMBER OUT OF RANGE
2002399,C,26562001,2007100105,C,ST ANNS AVENUE,2,26562001010,000000,"",42,"","",ADDRESS NUMBER OUT OF RANGE
2002402,C,26562001,2007100105,C,ST ANNS AVENUE,2,26562001010,000000,"",42,"","",ADDRESS NUMBER OUT OF RANGE
1064675,12C,11263001,1000500969,12C,BARRY ROAD,1,11263001010,000000,"",42,"","",ADDRESS NUMBER OUT OF RANGE
2032948,1899,23813001,2000200216,1899,HARDING PARK,2,23813001010,000000,"",42,"","",ADDRESS NUMBER OUT OF RANGE
2052779,2000,21522001,2023000218,2000,BRONX PARK EAST,2,21522001010,000000,"",42,"","",ADDRESS NUMBER OUT OF RANGE
2052781,2010,21522001,2023000218,2010,BRONX PARK EAST,2,21522001010,000000,"",42,"","",ADDRESS NUMBER OUT OF RANGE
2052783,2020,21522001,2023000218,2020,BRONX PARK EAST,2,21522001010,000000,"",42,"","",ADDRESS NUMBER OUT OF RANGE
2052805,1961A,24152001,2023000224,1961A,HUNT AVENUE,2,24152001010,000000,"",42,"","",ADDRESS NUMBER OUT OF RANGE
2052806,1961B,24152001,2023000224,1961B,HUNT AVENUE,2,24152001010,000000,"",42,"","",ADDRESS NUMBER OUT OF RANGE
2098857,595A5,27512101,2030701202,"",WEST  239 STREET,2,27512101010,000000,"",13,"",1,ADDRESS NBR 595A5  CONTAINS AN INVALID CHARACTER(A) IN POSITION 4.
2056586,2441A,21382001,2033000201,2441A,BOSTON ROAD,2,21382001010,000000,"",42,"","",ADDRESS NUMBER OUT OF RANGE
2088975,2,23082005,2011800311,2,THROGS NECK BOULEVARD,2,23082005010,000000,"",42,"","",ADDRESS NUMBER OUT OF RANGE
2088976,4,23082005,2011800311,4,THROGS NECK BOULEVARD,2,23082005010,000000,"",42,"","",ADDRESS NUMBER OUT OF RANGE
2088977,6,23082005,2011800311,6,THROGS NECK BOULEVARD,2,23082005010,000000,"",42,"","",ADDRESS NUMBER OUT OF RANGE
2088978,8,23082005,2011800311,8,THROGS NECK BOULEVARD,2,23082005010,000000,"",42,"","",ADDRESS NUMBER OUT OF RANGE
2088979,10,23082005,2011800311,10,THROGS NECK BOULEVARD,2,23082005010,000000,"",42,"","",ADDRESS NUMBER OUT OF RANGE
2088980,12,23082005,2011800311,12,THROGS NECK BOULEVARD,2,23082005010,000000,"",42,"","",ADDRESS NUMBER OUT OF RANGE
2088981,14,23082005,2011800311,14,THROGS NECK BOULEVARD,2,23082005010,000000,"",42,"","",ADDRESS NUMBER OUT OF RANGE
2088982,16,23082005,2011800311,16,THROGS NECK BOULEVARD,2,23082005010,000000,"",42,"","",ADDRESS NUMBER OUT OF RANGE
2088983,18,23082005,2011800311,18,THROGS NECK BOULEVARD,2,23082005010,000000,"",42,"","",ADDRESS NUMBER OUT OF RANGE
2098859,595B5,27512101,2030701202,"",WEST  239 STREET,2,27512101010,000000,"",13,"",1,ADDRESS NBR 595B5  CONTAINS AN INVALID CHARACTER(B) IN POSITION 4.
2098860,595B4,27512101,2030701202,"",WEST  239 STREET,2,27512101010,000000,"",13,"",1,ADDRESS NBR 595B4  CONTAINS AN INVALID CHARACTER(B) IN POSITION 4.
2098861,595A4,27512101,2030701202,"",WEST  239 STREET,2,27512101010,000000,"",13,"",1,ADDRESS NBR 595A4  CONTAINS AN INVALID CHARACTER(A) IN POSITION 4.
2098862,595A3,27512101,2030701202,"",WEST  239 STREET,2,27512101010,000000,"",13,"",1,ADDRESS NBR 595A3  CONTAINS AN INVALID CHARACTER(A) IN POSITION 4.
2098863,595A2,27512101,2030701202,"",WEST  239 STREET,2,27512101010,000000,"",13,"",1,ADDRESS NBR 595A2  CONTAINS AN INVALID CHARACTER(A) IN POSITION 4.
2098864,595A1,27512101,2030701202,"",WEST  239 STREET,2,27512101010,000000,"",13,"",1,ADDRESS NBR 595A1  CONTAINS AN INVALID CHARACTER(A) IN POSITION 4.
2098865,595B1,27512101,2030701202,"",WEST  239 STREET,2,27512101010,000000,"",13,"",1,ADDRESS NBR 595B1  CONTAINS AN INVALID CHARACTER(B) IN POSITION 4.
2098866,595B2,27512101,2030701202,"",WEST  239 STREET,2,27512101010,000000,"",13,"",1,ADDRESS NBR 595B2  CONTAINS AN INVALID CHARACTER(B) IN POSITION 4.
2098867,595B3,27512101,2030701202,"",WEST  239 STREET,2,27512101010,000000,"",13,"",1,ADDRESS NBR 595B3  CONTAINS AN INVALID CHARACTER(B) IN POSITION 4.
2098868,595A6,27512101,2030701202,"",WEST  239 STREET,2,27512101010,000000,"",13,"",1,ADDRESS NBR 595A6  CONTAINS AN INVALID CHARACTER(A) IN POSITION 4.
2098858,595B6,27512101,2030701202,"",WEST  239 STREET,2,27512101010,000000,"",13,"",1,ADDRESS NBR 595B6  CONTAINS AN INVALID CHARACTER(B) IN POSITION 4.
3067684,1279R,31343001,3024700215,1279R,ATLANTIC AVENUE,3,31343001010,000000,"",42,"","",ADDRESS NUMBER OUT OF RANGE
3106549,722A,32533001,3040300107,722A,CENTRAL AVENUE,3,32533001010,000000,"",42,"","",ADDRESS NUMBER OUT OF RANGE
3164395,70,36773003,3050000105,70,OCEAN PARKWAY SOUTHBOUND ROADBED,3,36773003010,000000,"",50,"",1,OCEAN PARKWAY SOUTHBOUND ROADBED IS AN INVALID STREET NAME FOR THIS LOCATION
3311282,1041B,34833001,3111800209,1041B,HEGEMAN AVENUE,3,34833001010,000000,"",42,"","",ADDRESS NUMBER OUT OF RANGE
3238559,1427,34762501,3034800126,1427,HART PLACE,3,34762501010,000000,"",42,"","",ADDRESS NUMBER OUT OF RANGE
3313771,97-G1,34583001,3056300202,"",GREEN STREET,3,34583001010,000000,"",13,"",1,ADDRESS NBR 97-G1  CONTAINS AN INVALID CHARACTER(G) IN POSITION 4.
3313878,9212L,34513001,3048100202,9212L,GRAND STREET,3,34513001010,000000,"",42,"","",ADDRESS NUMBER OUT OF RANGE
3313772,97-G2,34583001,3056300202,"",GREEN STREET,3,34583001010,000000,"",13,"",1,ADDRESS NBR 97-G2  CONTAINS AN INVALID CHARACTER(G) IN POSITION 4.
3313875,23-B1R,35393001,3048100301,"",JUDGE STREET,3,35393001010,000000,"",13,"",1,ADDRESS NBR 23-B1R  CONTAINS AN INVALID CHARACTER(B) IN POSITION 4.
3313773,97-G3,34583001,3056300202,"",GREEN STREET,3,34583001010,000000,"",13,"",1,ADDRESS NBR 97-G3  CONTAINS AN INVALID CHARACTER(G) IN POSITION 4.
5004010,4041/2,54790001,5007500303,404 1/2,SILVER LAKE ROAD,5,54790001010,000000,"",42,"","",ADDRESS NUMBER OUT OF RANGE
3320896,23-B2L,35393001,3048100301,"",JUDGE STREET,3,35393001010,000000,"",13,"",1,ADDRESS NBR 23-B2L  CONTAINS AN INVALID CHARACTER(B) IN POSITION 4.
5033901,6A,53915001,5023100106,6A,MICHELLE COURT,5,53915001010,000000,"",42,"","",ADDRESS NUMBER OUT OF RANGE
5019273,6401/2,55255001,5003300211,640 1/2,VAN DUZER STREET,5,55255001010,000000,"",42,"","",ADDRESS NUMBER OUT OF RANGE
5161694,3,40514002,4094500102,3,SUMMIT PLACE,4,40514002010,000000,"",42,"","",ADDRESS NUMBER OUT OF RANGE
5056398,481,53410002,5003600133,481,HYLAN BOULEVARD NORTH,5,53410002010,000000,"",50,"",2,HYLAN BOULEVARD NORTH IS AN INVALID STREET NAME FOR THIS LOCATION
5056428,469,53410002,5003600133,469,HYLAN BOULEVARD NORTH,5,53410002010,000000,"",50,"",2,HYLAN BOULEVARD NORTH IS AN INVALID STREET NAME FOR THIS LOCATION
5056429,467,53410002,5003600133,467,HYLAN BOULEVARD NORTH,5,53410002010,000000,"",50,"",2,HYLAN BOULEVARD NORTH IS AN INVALID STREET NAME FOR THIS LOCATION
5056430,463,53410002,5003600133,463,HYLAN BOULEVARD NORTH,5,53410002010,000000,"",50,"",2,HYLAN BOULEVARD NORTH IS AN INVALID STREET NAME FOR THIS LOCATION
5056431,461,53410002,5003600133,461,HYLAN BOULEVARD NORTH,5,53410002010,000000,"",50,"",2,HYLAN BOULEVARD NORTH IS AN INVALID STREET NAME FOR THIS LOCATION
5057185,510,53410003,5002001113,510,HYLAN BOULEVARD SOUTH,5,53410003010,000000,"",50,"",2,HYLAN BOULEVARD SOUTH IS AN INVALID STREET NAME FOR THIS LOCATION
5057198,478,53410003,5002001121,478,HYLAN BOULEVARD SOUTH,5,53410003010,000000,"",50,"",2,HYLAN BOULEVARD SOUTH IS AN INVALID STREET NAME FOR THIS LOCATION
5057199,474,53410003,5002001121,474,HYLAN BOULEVARD SOUTH,5,53410003010,000000,"",50,"",2,HYLAN BOULEVARD SOUTH IS AN INVALID STREET NAME FOR THIS LOCATION
5057201,470,53410003,5002001147,470,HYLAN BOULEVARD SOUTH,5,53410003010,000000,"",50,"",2,HYLAN BOULEVARD SOUTH IS AN INVALID STREET NAME FOR THIS LOCATION
5057202,466,53410003,5002001147,466,HYLAN BOULEVARD SOUTH,5,53410003010,000000,"",50,"",2,HYLAN BOULEVARD SOUTH IS AN INVALID STREET NAME FOR THIS LOCATION
5057203,464,53410003,5002001147,464,HYLAN BOULEVARD SOUTH,5,53410003010,000000,"",50,"",2,HYLAN BOULEVARD SOUTH IS AN INVALID STREET NAME FOR THIS LOCATION
5129730,23-B1L,35393001,3048100301,"",JUDGE STREET,3,35393001010,000000,"",13,"",1,ADDRESS NBR 23-B1L  CONTAINS AN INVALID CHARACTER(B) IN POSITION 4.
5056476,517,53410002,5003600131,517,HYLAN BOULEVARD NORTH,5,53410002010,000000,"",50,"",2,HYLAN BOULEVARD NORTH IS AN INVALID STREET NAME FOR THIS LOCATION
5056477,519,53410002,5003600131,519,HYLAN BOULEVARD NORTH,5,53410002010,000000,"",50,"",2,HYLAN BOULEVARD NORTH IS AN INVALID STREET NAME FOR THIS LOCATION
5056478,521,53410002,5003600131,521,HYLAN BOULEVARD NORTH,5,53410002010,000000,"",50,"",2,HYLAN BOULEVARD NORTH IS AN INVALID STREET NAME FOR THIS LOCATION
5056479,523,53410002,5003600131,523,HYLAN BOULEVARD NORTH,5,53410002010,000000,"",50,"",2,HYLAN BOULEVARD NORTH IS AN INVALID STREET NAME FOR THIS LOCATION
5131670,332,44969001,4091601157,332,HILLSIDE AVENUE,4,44969001010,000000,"",75,"","",DUPLICATE ADDRESS-USE HILLSIDE AVENUE ROCKAWAYS OR HILLSIDE AVENUE DOUGLASTON
5131672,330,44969001,4091601157,330,HILLSIDE AVENUE,4,44969001010,000000,"",75,"","",DUPLICATE ADDRESS-USE HILLSIDE AVENUE ROCKAWAYS OR HILLSIDE AVENUE DOUGLASTON
5150577,24711A,22232001,2038900201,24711A,CROTONA AVENUE,2,22232001010,000000,"",42,"","",ADDRESS NUMBER OUT OF RANGE
5155631,1213,39108001,3035200215,1213,WEST   12 STREET,3,39108001010,000000,"",42,"","",ADDRESS NUMBER OUT OF RANGE
5156191,141-34,40549001,4094500113,141-34,9 AVENUE,4,40549001010,000000,"",42,"","",ADDRESS NUMBER OUT OF RANGE
5159975,C,26562001,2007100105,C,ST ANNS AVENUE,2,26562001010,000000,"",42,"","",ADDRESS NUMBER OUT OF RANGE
5161670,141-44,40549001,4094500113,141-44,9 AVENUE,4,40549001010,000000,"",42,"","",ADDRESS NUMBER OUT OF RANGE
5163079,238-11,44969001,4156700194,238-11,HILLSIDE AVENUE,4,44969001010,000000,"",75,"","",DUPLICATE ADDRESS-USE HILLSIDE AVENUE BELLEROSE OR HILLSIDE AVENUE DOUGLASTON
5165786,23-B2R,35393001,3048100301,"",JUDGE STREET,3,35393001010,000000,"",13,"",1,ADDRESS NBR 23-B2R  CONTAINS AN INVALID CHARACTER(B) IN POSITION 4.
5163078,3333,11361001,1022302403,3333,BROADWAY,1,11361001010,000000,"",56,"","",ADDRESS IS SPLIT AMONG MULTIPLE ELECTION DISTRICTS. ADDRESS NBR SUFFIX REQUIRED
5166048,130A,53167001,5031901119,130A,HARBOR LOOP,5,53167001010,000000,"",42,"","",ADDRESS NUMBER OUT OF RANGE
5166049,130B,53167001,5031901119,130B,HARBOR LOOP,5,53167001010,000000,"",42,"","",ADDRESS NUMBER OUT OF RANGE
5167999,2701-A1,52979501,5032300950,"",GOETHALS ROAD NORTH,5,52979501010,000000,"",13,"",1,ADDRESS NBR 2701-A1  CONTAINS AN INVALID CHARACTER(A) IN POSITION 6.
5166355,842,21996503,2004600121,842,CLASON POINT LANE,2,21996503010,000000,"",42,"","",ADDRESS NUMBER OUT OF RANGE
5168018,2701-B10,52979501,5032300948,"",GOETHALS ROAD NORTH,5,52979501010,000000,"",13,"",1,ADDRESS NBR 2701-B10  CONTAINS AN INVALID CHARACTER(B) IN POSITION 6.
5168019,2701-B11,52979501,5032300948,"",GOETHALS ROAD NORTH,5,52979501010,000000,"",13,"",1,ADDRESS NBR 2701-B11  CONTAINS AN INVALID CHARACTER(B) IN POSITION 6.
5168020,2701-C1,52979501,5032300948,"",GOETHALS ROAD NORTH,5,52979501010,000000,"",13,"",1,ADDRESS NBR 2701-C1  CONTAINS AN INVALID CHARACTER(C) IN POSITION 6.
5168021,2701-C3,52979501,5032300948,"",GOETHALS ROAD NORTH,5,52979501010,000000,"",13,"",1,ADDRESS NBR 2701-C3  CONTAINS AN INVALID CHARACTER(C) IN POSITION 6.
5168022,2701-C4,52979501,5032300948,"",GOETHALS ROAD NORTH,5,52979501010,000000,"",13,"",1,ADDRESS NBR 2701-C4  CONTAINS AN INVALID CHARACTER(C) IN POSITION 6.
5168023,2701-C5,52979501,5032300948,"",GOETHALS ROAD NORTH,5,52979501010,000000,"",13,"",1,ADDRESS NBR 2701-C5  CONTAINS AN INVALID CHARACTER(C) IN POSITION 6.
5168024,2701-C2,52979501,5032300948,"",GOETHALS ROAD NORTH,5,52979501010,000000,"",13,"",1,ADDRESS NBR 2701-C2  CONTAINS AN INVALID CHARACTER(C) IN POSITION 6.
5168025,2701-C6,52979501,5032300948,"",GOETHALS ROAD NORTH,5,52979501010,000000,"",13,"",1,ADDRESS NBR 2701-C6  CONTAINS AN INVALID CHARACTER(C) IN POSITION 6.
5168026,2701-C7,52979501,5032300948,"",GOETHALS ROAD NORTH,5,52979501010,000000,"",13,"",1,ADDRESS NBR 2701-C7  CONTAINS AN INVALID CHARACTER(C) IN POSITION 6.
5168027,2701-C8,52979501,5032300948,"",GOETHALS ROAD NORTH,5,52979501010,000000,"",13,"",1,ADDRESS NBR 2701-C8  CONTAINS AN INVALID CHARACTER(C) IN POSITION 6.
5168028,2701-C9,52979501,5032300948,"",GOETHALS ROAD NORTH,5,52979501010,000000,"",13,"",1,ADDRESS NBR 2701-C9  CONTAINS AN INVALID CHARACTER(C) IN POSITION 6.
5168029,2701-C10,52979501,5032300948,"",GOETHALS ROAD NORTH,5,52979501010,000000,"",13,"",1,ADDRESS NBR 2701-C10  CONTAINS AN INVALID CHARACTER(C) IN POSITION 6.
5168030,2701-C11,52979501,5032300948,"",GOETHALS ROAD NORTH,5,52979501010,000000,"",13,"",1,ADDRESS NBR 2701-C11  CONTAINS AN INVALID CHARACTER(C) IN POSITION 6.
5168032,2701-C12,52979501,5032300948,"",GOETHALS ROAD NORTH,5,52979501010,000000,"",13,"",1,ADDRESS NBR 2701-C12  CONTAINS AN INVALID CHARACTER(C) IN POSITION 6.
5168033,2701-D1,52979501,5032300936,"",GOETHALS ROAD NORTH,5,52979501010,000000,"",13,"",1,ADDRESS NBR 2701-D1  CONTAINS AN INVALID CHARACTER(D) IN POSITION 6.
5168034,2701-D2,52979501,5032300936,"",GOETHALS ROAD NORTH,5,52979501010,000000,"",13,"",1,ADDRESS NBR 2701-D2  CONTAINS AN INVALID CHARACTER(D) IN POSITION 6.
5168035,2701-D3,52979501,5032300936,"",GOETHALS ROAD NORTH,5,52979501010,000000,"",13,"",1,ADDRESS NBR 2701-D3  CONTAINS AN INVALID CHARACTER(D) IN POSITION 6.
5168036,2701-D4,52979501,5032300936,"",GOETHALS ROAD NORTH,5,52979501010,000000,"",13,"",1,ADDRESS NBR 2701-D4  CONTAINS AN INVALID CHARACTER(D) IN POSITION 6.
5168037,2701-D5,52979501,5032300936,"",GOETHALS ROAD NORTH,5,52979501010,000000,"",13,"",1,ADDRESS NBR 2701-D5  CONTAINS AN INVALID CHARACTER(D) IN POSITION 6.
5167771,231,44969001,4091601160,231,HILLSIDE AVENUE,4,44969001010,000000,"",75,"","",DUPLICATE ADDRESS-USE HILLSIDE AVENUE ROCKAWAYS OR HILLSIDE AVENUE DOUGLASTON
5167772,414,42979001,4091601156,414,BAYSIDE AVENUE,4,42979001010,000000,"",42,"","",ADDRESS NUMBER OUT OF RANGE
5168063,2701-E10,52979501,5032300936,"",GOETHALS ROAD NORTH,5,52979501010,000000,"",13,"",1,ADDRESS NBR 2701-E10  CONTAINS AN INVALID CHARACTER(E) IN POSITION 6.
5168064,2701-E11,52979501,5032300936,"",GOETHALS ROAD NORTH,5,52979501010,000000,"",13,"",1,ADDRESS NBR 2701-E11  CONTAINS AN INVALID CHARACTER(E) IN POSITION 6.
5168065,2701-E12,52979501,5032300936,"",GOETHALS ROAD NORTH,5,52979501010,000000,"",13,"",1,ADDRESS NBR 2701-E12  CONTAINS AN INVALID CHARACTER(E) IN POSITION 6.
5168066,2701-E13,52979501,5032300936,"",GOETHALS ROAD NORTH,5,52979501010,000000,"",13,"",1,ADDRESS NBR 2701-E13  CONTAINS AN INVALID CHARACTER(E) IN POSITION 6.
5168067,2701-E14,52979501,5032300936,"",GOETHALS ROAD NORTH,5,52979501010,000000,"",13,"",1,ADDRESS NBR 2701-E14  CONTAINS AN INVALID CHARACTER(E) IN POSITION 6.
5168068,2701-E15,52979501,5032300936,"",GOETHALS ROAD NORTH,5,52979501010,000000,"",13,"",1,ADDRESS NBR 2701-E15  CONTAINS AN INVALID CHARACTER(E) IN POSITION 6.
5168069,2701-E16,52979501,5032300936,"",GOETHALS ROAD NORTH,5,52979501010,000000,"",13,"",1,ADDRESS NBR 2701-E16  CONTAINS AN INVALID CHARACTER(E) IN POSITION 6.
5168071,2701-E17,52979501,5032300936,"",GOETHALS ROAD NORTH,5,52979501010,000000,"",13,"",1,ADDRESS NBR 2701-E17  CONTAINS AN INVALID CHARACTER(E) IN POSITION 6.
5168072,2701-E18,52979501,5032300936,"",GOETHALS ROAD NORTH,5,52979501010,000000,"",13,"",1,ADDRESS NBR 2701-E18  CONTAINS AN INVALID CHARACTER(E) IN POSITION 6.
5168073,2701-E19,52979501,5032300936,"",GOETHALS ROAD NORTH,5,52979501010,000000,"",13,"",1,ADDRESS NBR 2701-E19  CONTAINS AN INVALID CHARACTER(E) IN POSITION 6.
5168074,2701-F1,52979501,5032300947,"",GOETHALS ROAD NORTH,5,52979501010,000000,"",13,"",1,ADDRESS NBR 2701-F1  CONTAINS AN INVALID CHARACTER(F) IN POSITION 6.
5168075,2701-F2,52979501,5032300947,"",GOETHALS ROAD NORTH,5,52979501010,000000,"",13,"",1,ADDRESS NBR 2701-F2  CONTAINS AN INVALID CHARACTER(F) IN POSITION 6.
5168076,2701-F3,52979501,5032300947,"",GOETHALS ROAD NORTH,5,52979501010,000000,"",13,"",1,ADDRESS NBR 2701-F3  CONTAINS AN INVALID CHARACTER(F) IN POSITION 6.
5168077,2701-F5,52979501,5032300947,"",GOETHALS ROAD NORTH,5,52979501010,000000,"",13,"",1,ADDRESS NBR 2701-F5  CONTAINS AN INVALID CHARACTER(F) IN POSITION 6.
5168078,2701-F6,52979501,5032300947,"",GOETHALS ROAD NORTH,5,52979501010,000000,"",13,"",1,ADDRESS NBR 2701-F6  CONTAINS AN INVALID CHARACTER(F) IN POSITION 6.
5168079,2701-F4,52979501,5032300947,"",GOETHALS ROAD NORTH,5,52979501010,000000,"",13,"",1,ADDRESS NBR 2701-F4  CONTAINS AN INVALID CHARACTER(F) IN POSITION 6.
5168081,2701-F7,52979501,5032300947,"",GOETHALS ROAD NORTH,5,52979501010,000000,"",13,"",1,ADDRESS NBR 2701-F7  CONTAINS AN INVALID CHARACTER(F) IN POSITION 6.
5168082,2701-F8,52979501,5032300947,"",GOETHALS ROAD NORTH,5,52979501010,000000,"",13,"",1,ADDRESS NBR 2701-F8  CONTAINS AN INVALID CHARACTER(F) IN POSITION 6.
5168083,2701-F9,52979501,5032300947,"",GOETHALS ROAD NORTH,5,52979501010,000000,"",13,"",1,ADDRESS NBR 2701-F9  CONTAINS AN INVALID CHARACTER(F) IN POSITION 6.
5168084,2701-F10,52979501,5032300947,"",GOETHALS ROAD NORTH,5,52979501010,000000,"",13,"",1,ADDRESS NBR 2701-F10  CONTAINS AN INVALID CHARACTER(F) IN POSITION 6.
5168085,2701-F11,52979501,5032300947,"",GOETHALS ROAD NORTH,5,52979501010,000000,"",13,"",1,ADDRESS NBR 2701-F11  CONTAINS AN INVALID CHARACTER(F) IN POSITION 6.
5168086,2701-F12,52979501,5032300947,"",GOETHALS ROAD NORTH,5,52979501010,000000,"",13,"",1,ADDRESS NBR 2701-F12  CONTAINS AN INVALID CHARACTER(F) IN POSITION 6.
5168087,2701-F13,52979501,5032300947,"",GOETHALS ROAD NORTH,5,52979501010,000000,"",13,"",1,ADDRESS NBR 2701-F13  CONTAINS AN INVALID CHARACTER(F) IN POSITION 6.
5168089,2701-F14,52979501,5032300947,"",GOETHALS ROAD NORTH,5,52979501010,000000,"",13,"",1,ADDRESS NBR 2701-F14  CONTAINS AN INVALID CHARACTER(F) IN POSITION 6.
5168090,2701-F15,52979501,5032300947,"",GOETHALS ROAD NORTH,5,52979501010,000000,"",13,"",1,ADDRESS NBR 2701-F15  CONTAINS AN INVALID CHARACTER(F) IN POSITION 6.
5168091,2701-F16,52979501,5032300947,"",GOETHALS ROAD NORTH,5,52979501010,000000,"",13,"",1,ADDRESS NBR 2701-F16  CONTAINS AN INVALID CHARACTER(F) IN POSITION 6.
5168092,2701-F17,52979501,5032300947,"",GOETHALS ROAD NORTH,5,52979501010,000000,"",13,"",1,ADDRESS NBR 2701-F17  CONTAINS AN INVALID CHARACTER(F) IN POSITION 6.
5168093,2701-F18,52979501,5032300947,"",GOETHALS ROAD NORTH,5,52979501010,000000,"",13,"",1,ADDRESS NBR 2701-F18  CONTAINS AN INVALID CHARACTER(F) IN POSITION 6.
5168095,2701-F19,52979501,5032300947,"",GOETHALS ROAD NORTH,5,52979501010,000000,"",13,"",1,ADDRESS NBR 2701-F19  CONTAINS AN INVALID CHARACTER(F) IN POSITION 6.
5168096,2701-F20,52979501,5032300947,"",GOETHALS ROAD NORTH,5,52979501010,000000,"",13,"",1,ADDRESS NBR 2701-F20  CONTAINS AN INVALID CHARACTER(F) IN POSITION 6.
5168097,2701-G1,52979501,5032300947,"",GOETHALS ROAD NORTH,5,52979501010,000000,"",13,"",1,ADDRESS NBR 2701-G1  CONTAINS AN INVALID CHARACTER(G) IN POSITION 6.
5168099,2701-G2,52979501,5032300947,"",GOETHALS ROAD NORTH,5,52979501010,000000,"",13,"",1,ADDRESS NBR 2701-G2  CONTAINS AN INVALID CHARACTER(G) IN POSITION 6.
5168100,2701-G3,52979501,5032300947,"",GOETHALS ROAD NORTH,5,52979501010,000000,"",13,"",1,ADDRESS NBR 2701-G3  CONTAINS AN INVALID CHARACTER(G) IN POSITION 6.
5168102,2701-G4,52979501,5032300947,"",GOETHALS ROAD NORTH,5,52979501010,000000,"",13,"",1,ADDRESS NBR 2701-G4  CONTAINS AN INVALID CHARACTER(G) IN POSITION 6.
5168103,2701-G5,52979501,5032300947,"",GOETHALS ROAD NORTH,5,52979501010,000000,"",13,"",1,ADDRESS NBR 2701-G5  CONTAINS AN INVALID CHARACTER(G) IN POSITION 6.
5168104,2701-G6,52979501,5032300947,"",GOETHALS ROAD NORTH,5,52979501010,000000,"",13,"",1,ADDRESS NBR 2701-G6  CONTAINS AN INVALID CHARACTER(G) IN POSITION 6.
5168105,2701-G7,52979501,5032300947,"",GOETHALS ROAD NORTH,5,52979501010,000000,"",13,"",1,ADDRESS NBR 2701-G7  CONTAINS AN INVALID CHARACTER(G) IN POSITION 6.
5168106,2701-G8,52979501,5032300947,"",GOETHALS ROAD NORTH,5,52979501010,000000,"",13,"",1,ADDRESS NBR 2701-G8  CONTAINS AN INVALID CHARACTER(G) IN POSITION 6.
5168107,2701-G9,52979501,5032300947,"",GOETHALS ROAD NORTH,5,52979501010,000000,"",13,"",1,ADDRESS NBR 2701-G9  CONTAINS AN INVALID CHARACTER(G) IN POSITION 6.
5168108,2701-G10,52979501,5032300947,"",GOETHALS ROAD NORTH,5,52979501010,000000,"",13,"",1,ADDRESS NBR 2701-G10  CONTAINS AN INVALID CHARACTER(G) IN POSITION 6.
5168040,2701-D6,52979501,5032300936,"",GOETHALS ROAD NORTH,5,52979501010,000000,"",13,"",1,ADDRESS NBR 2701-D6  CONTAINS AN INVALID CHARACTER(D) IN POSITION 6.
5168041,2701-D7,52979501,5032300936,"",GOETHALS ROAD NORTH,5,52979501010,000000,"",13,"",1,ADDRESS NBR 2701-D7  CONTAINS AN INVALID CHARACTER(D) IN POSITION 6.
5168042,2701-D8,52979501,5032300936,"",GOETHALS ROAD NORTH,5,52979501010,000000,"",13,"",1,ADDRESS NBR 2701-D8  CONTAINS AN INVALID CHARACTER(D) IN POSITION 6.
5168043,2701-D9,52979501,5032300936,"",GOETHALS ROAD NORTH,5,52979501010,000000,"",13,"",1,ADDRESS NBR 2701-D9  CONTAINS AN INVALID CHARACTER(D) IN POSITION 6.
5168044,2701-D10,52979501,5032300936,"",GOETHALS ROAD NORTH,5,52979501010,000000,"",13,"",1,ADDRESS NBR 2701-D10  CONTAINS AN INVALID CHARACTER(D) IN POSITION 6.
5168045,2701-D11,52979501,5032300936,"",GOETHALS ROAD NORTH,5,52979501010,000000,"",13,"",1,ADDRESS NBR 2701-D11  CONTAINS AN INVALID CHARACTER(D) IN POSITION 6.
5168046,2701-D12,52979501,5032300936,"",GOETHALS ROAD NORTH,5,52979501010,000000,"",13,"",1,ADDRESS NBR 2701-D12  CONTAINS AN INVALID CHARACTER(D) IN POSITION 6.
5168047,2701-D13,52979501,5032300936,"",GOETHALS ROAD NORTH,5,52979501010,000000,"",13,"",1,ADDRESS NBR 2701-D13  CONTAINS AN INVALID CHARACTER(D) IN POSITION 6.
5168048,2701-D14,52979501,5032300936,"",GOETHALS ROAD NORTH,5,52979501010,000000,"",13,"",1,ADDRESS NBR 2701-D14  CONTAINS AN INVALID CHARACTER(D) IN POSITION 6.
5168049,2701-D15,52979501,5032300936,"",GOETHALS ROAD NORTH,5,52979501010,000000,"",13,"",1,ADDRESS NBR 2701-D15  CONTAINS AN INVALID CHARACTER(D) IN POSITION 6.
5168050,2701-D16,52979501,5032300936,"",GOETHALS ROAD NORTH,5,52979501010,000000,"",13,"",1,ADDRESS NBR 2701-D16  CONTAINS AN INVALID CHARACTER(D) IN POSITION 6.
5168051,2701-D17,52979501,5032300936,"",GOETHALS ROAD NORTH,5,52979501010,000000,"",13,"",1,ADDRESS NBR 2701-D17  CONTAINS AN INVALID CHARACTER(D) IN POSITION 6.
5168052,2701-D18,52979501,5032300936,"",GOETHALS ROAD NORTH,5,52979501010,000000,"",13,"",1,ADDRESS NBR 2701-D18  CONTAINS AN INVALID CHARACTER(D) IN POSITION 6.
5168053,2701-E1,52979501,5032300936,"",GOETHALS ROAD NORTH,5,52979501010,000000,"",13,"",1,ADDRESS NBR 2701-E1  CONTAINS AN INVALID CHARACTER(E) IN POSITION 6.
5168054,2701-E2,52979501,5032300936,"",GOETHALS ROAD NORTH,5,52979501010,000000,"",13,"",1,ADDRESS NBR 2701-E2  CONTAINS AN INVALID CHARACTER(E) IN POSITION 6.
5168056,2701-E3,52979501,5032300936,"",GOETHALS ROAD NORTH,5,52979501010,000000,"",13,"",1,ADDRESS NBR 2701-E3  CONTAINS AN INVALID CHARACTER(E) IN POSITION 6.
5168057,2701-E4,52979501,5032300936,"",GOETHALS ROAD NORTH,5,52979501010,000000,"",13,"",1,ADDRESS NBR 2701-E4  CONTAINS AN INVALID CHARACTER(E) IN POSITION 6.
5168058,2701-E5,52979501,5032300936,"",GOETHALS ROAD NORTH,5,52979501010,000000,"",13,"",1,ADDRESS NBR 2701-E5  CONTAINS AN INVALID CHARACTER(E) IN POSITION 6.
5168059,2701-E6,52979501,5032300936,"",GOETHALS ROAD NORTH,5,52979501010,000000,"",13,"",1,ADDRESS NBR 2701-E6  CONTAINS AN INVALID CHARACTER(E) IN POSITION 6.
5168060,2701-E7,52979501,5032300936,"",GOETHALS ROAD NORTH,5,52979501010,000000,"",13,"",1,ADDRESS NBR 2701-E7  CONTAINS AN INVALID CHARACTER(E) IN POSITION 6.
5168061,2701-E8,52979501,5032300936,"",GOETHALS ROAD NORTH,5,52979501010,000000,"",13,"",1,ADDRESS NBR 2701-E8  CONTAINS AN INVALID CHARACTER(E) IN POSITION 6.
5168062,2701-E9,52979501,5032300936,"",GOETHALS ROAD NORTH,5,52979501010,000000,"",13,"",1,ADDRESS NBR 2701-E9  CONTAINS AN INVALID CHARACTER(E) IN POSITION 6.
5168109,2701-G11,52979501,5032300947,"",GOETHALS ROAD NORTH,5,52979501010,000000,"",13,"",1,ADDRESS NBR 2701-G11  CONTAINS AN INVALID CHARACTER(G) IN POSITION 6.
5168110,2701-G12,52979501,5032300947,"",GOETHALS ROAD NORTH,5,52979501010,000000,"",13,"",1,ADDRESS NBR 2701-G12  CONTAINS AN INVALID CHARACTER(G) IN POSITION 6.
5168111,2701-G13,52979501,5032300947,"",GOETHALS ROAD NORTH,5,52979501010,000000,"",13,"",1,ADDRESS NBR 2701-G13  CONTAINS AN INVALID CHARACTER(G) IN POSITION 6.
5168112,2701-G14,52979501,5032300947,"",GOETHALS ROAD NORTH,5,52979501010,000000,"",13,"",1,ADDRESS NBR 2701-G14  CONTAINS AN INVALID CHARACTER(G) IN POSITION 6.
5168113,2701-G15,52979501,5032300947,"",GOETHALS ROAD NORTH,5,52979501010,000000,"",13,"",1,ADDRESS NBR 2701-G15  CONTAINS AN INVALID CHARACTER(G) IN POSITION 6.
5168114,2701-G16,52979501,5032300947,"",GOETHALS ROAD NORTH,5,52979501010,000000,"",13,"",1,ADDRESS NBR 2701-G16  CONTAINS AN INVALID CHARACTER(G) IN POSITION 6.
5168115,2701-G17,52979501,5032300947,"",GOETHALS ROAD NORTH,5,52979501010,000000,"",13,"",1,ADDRESS NBR 2701-G17  CONTAINS AN INVALID CHARACTER(G) IN POSITION 6.
5168116,2701-G18,52979501,5032300947,"",GOETHALS ROAD NORTH,5,52979501010,000000,"",13,"",1,ADDRESS NBR 2701-G18  CONTAINS AN INVALID CHARACTER(G) IN POSITION 6.
5168117,2701-G19,52979501,5032300947,"",GOETHALS ROAD NORTH,5,52979501010,000000,"",13,"",1,ADDRESS NBR 2701-G19  CONTAINS AN INVALID CHARACTER(G) IN POSITION 6.
5168118,2701-G20,52979501,5032300947,"",GOETHALS ROAD NORTH,5,52979501010,000000,"",13,"",1,ADDRESS NBR 2701-G20  CONTAINS AN INVALID CHARACTER(G) IN POSITION 6.
5168119,2701-H1,52979501,5032300950,"",GOETHALS ROAD NORTH,5,52979501010,000000,"",13,"",1,ADDRESS NBR 2701-H1  CONTAINS AN INVALID CHARACTER(H) IN POSITION 6.
5168120,2701-H2,52979501,5032300950,"",GOETHALS ROAD NORTH,5,52979501010,000000,"",13,"",1,ADDRESS NBR 2701-H2  CONTAINS AN INVALID CHARACTER(H) IN POSITION 6.
5168121,2701-H3,52979501,5032300950,"",GOETHALS ROAD NORTH,5,52979501010,000000,"",13,"",1,ADDRESS NBR 2701-H3  CONTAINS AN INVALID CHARACTER(H) IN POSITION 6.
5168122,2701-H4,52979501,5032300950,"",GOETHALS ROAD NORTH,5,52979501010,000000,"",13,"",1,ADDRESS NBR 2701-H4  CONTAINS AN INVALID CHARACTER(H) IN POSITION 6.
5168123,2701-H5,52979501,5032300950,"",GOETHALS ROAD NORTH,5,52979501010,000000,"",13,"",1,ADDRESS NBR 2701-H5  CONTAINS AN INVALID CHARACTER(H) IN POSITION 6.
5168124,2701-H6,52979501,5032300950,"",GOETHALS ROAD NORTH,5,52979501010,000000,"",13,"",1,ADDRESS NBR 2701-H6  CONTAINS AN INVALID CHARACTER(H) IN POSITION 6.
5168125,2701-H7,52979501,5032300950,"",GOETHALS ROAD NORTH,5,52979501010,000000,"",13,"",1,ADDRESS NBR 2701-H7  CONTAINS AN INVALID CHARACTER(H) IN POSITION 6.
5168126,2701-H8,52979501,5032300950,"",GOETHALS ROAD NORTH,5,52979501010,000000,"",13,"",1,ADDRESS NBR 2701-H8  CONTAINS AN INVALID CHARACTER(H) IN POSITION 6.
5168127,2701-H9,52979501,5032300950,"",GOETHALS ROAD NORTH,5,52979501010,000000,"",13,"",1,ADDRESS NBR 2701-H9  CONTAINS AN INVALID CHARACTER(H) IN POSITION 6.
5168128,2701-H10,52979501,5032300950,"",GOETHALS ROAD NORTH,5,52979501010,000000,"",13,"",1,ADDRESS NBR 2701-H10  CONTAINS AN INVALID CHARACTER(H) IN POSITION 6.
5168129,2701-H11,52979501,5032300950,"",GOETHALS ROAD NORTH,5,52979501010,000000,"",13,"",1,ADDRESS NBR 2701-H11  CONTAINS AN INVALID CHARACTER(H) IN POSITION 6.
5168130,2701-H12,52979501,5032300950,"",GOETHALS ROAD NORTH,5,52979501010,000000,"",13,"",1,ADDRESS NBR 2701-H12  CONTAINS AN INVALID CHARACTER(H) IN POSITION 6.
5168131,2701-H13,52979501,5032300950,"",GOETHALS ROAD NORTH,5,52979501010,000000,"",13,"",1,ADDRESS NBR 2701-H13  CONTAINS AN INVALID CHARACTER(H) IN POSITION 6.
5168132,2701-H14,52979501,5032300950,"",GOETHALS ROAD NORTH,5,52979501010,000000,"",13,"",1,ADDRESS NBR 2701-H14  CONTAINS AN INVALID CHARACTER(H) IN POSITION 6.
5168133,2701-H15,52979501,5032300950,"",GOETHALS ROAD NORTH,5,52979501010,000000,"",13,"",1,ADDRESS NBR 2701-H15  CONTAINS AN INVALID CHARACTER(H) IN POSITION 6.
5168134,2701-H16,52979501,5032300950,"",GOETHALS ROAD NORTH,5,52979501010,000000,"",13,"",1,ADDRESS NBR 2701-H16  CONTAINS AN INVALID CHARACTER(H) IN POSITION 6.
5168135,2701-H17,52979501,5032300950,"",GOETHALS ROAD NORTH,5,52979501010,000000,"",13,"",1,ADDRESS NBR 2701-H17  CONTAINS AN INVALID CHARACTER(H) IN POSITION 6.
5168136,2701-H18,52979501,5032300950,"",GOETHALS ROAD NORTH,5,52979501010,000000,"",13,"",1,ADDRESS NBR 2701-H18  CONTAINS AN INVALID CHARACTER(H) IN POSITION 6.
5168000,2701-A2,52979501,5032300950,"",GOETHALS ROAD NORTH,5,52979501010,000000,"",13,"",1,ADDRESS NBR 2701-A2  CONTAINS AN INVALID CHARACTER(A) IN POSITION 6.
5168001,2701-A3,52979501,5032300950,"",GOETHALS ROAD NORTH,5,52979501010,000000,"",13,"",1,ADDRESS NBR 2701-A3  CONTAINS AN INVALID CHARACTER(A) IN POSITION 6.
5168002,2701-A4,52979501,5032300950,"",GOETHALS ROAD NORTH,5,52979501010,000000,"",13,"",1,ADDRESS NBR 2701-A4  CONTAINS AN INVALID CHARACTER(A) IN POSITION 6.
5168003,2701-A5,52979501,5032300950,"",GOETHALS ROAD NORTH,5,52979501010,000000,"",13,"",1,ADDRESS NBR 2701-A5  CONTAINS AN INVALID CHARACTER(A) IN POSITION 6.
5168004,2701-A6,52979501,5032300950,"",GOETHALS ROAD NORTH,5,52979501010,000000,"",13,"",1,ADDRESS NBR 2701-A6  CONTAINS AN INVALID CHARACTER(A) IN POSITION 6.
5168005,2701-A7,52979501,5032300950,"",GOETHALS ROAD NORTH,5,52979501010,000000,"",13,"",1,ADDRESS NBR 2701-A7  CONTAINS AN INVALID CHARACTER(A) IN POSITION 6.
5168006,2701-A8,52979501,5032300950,"",GOETHALS ROAD NORTH,5,52979501010,000000,"",13,"",1,ADDRESS NBR 2701-A8  CONTAINS AN INVALID CHARACTER(A) IN POSITION 6.
5168007,2701-A9,52979501,5032300950,"",GOETHALS ROAD NORTH,5,52979501010,000000,"",13,"",1,ADDRESS NBR 2701-A9  CONTAINS AN INVALID CHARACTER(A) IN POSITION 6.
5168008,2701-A10,52979501,5032300950,"",GOETHALS ROAD NORTH,5,52979501010,000000,"",13,"",1,ADDRESS NBR 2701-A10  CONTAINS AN INVALID CHARACTER(A) IN POSITION 6.
5168009,2701-B1,52979501,5032300948,"",GOETHALS ROAD NORTH,5,52979501010,000000,"",13,"",1,ADDRESS NBR 2701-B1  CONTAINS AN INVALID CHARACTER(B) IN POSITION 6.
5168010,2701-B2,52979501,5032300948,"",GOETHALS ROAD NORTH,5,52979501010,000000,"",13,"",1,ADDRESS NBR 2701-B2  CONTAINS AN INVALID CHARACTER(B) IN POSITION 6.
5168011,2701-B4,52979501,5032300948,"",GOETHALS ROAD NORTH,5,52979501010,000000,"",13,"",1,ADDRESS NBR 2701-B4  CONTAINS AN INVALID CHARACTER(B) IN POSITION 6.
5168012,2701-B5,52979501,5032300948,"",GOETHALS ROAD NORTH,5,52979501010,000000,"",13,"",1,ADDRESS NBR 2701-B5  CONTAINS AN INVALID CHARACTER(B) IN POSITION 6.
5168013,2701-B3,52979501,5032300948,"",GOETHALS ROAD NORTH,5,52979501010,000000,"",13,"",1,ADDRESS NBR 2701-B3  CONTAINS AN INVALID CHARACTER(B) IN POSITION 6.
5168014,2701-B6,52979501,5032300948,"",GOETHALS ROAD NORTH,5,52979501010,000000,"",13,"",1,ADDRESS NBR 2701-B6  CONTAINS AN INVALID CHARACTER(B) IN POSITION 6.
5168015,2701-B7,52979501,5032300948,"",GOETHALS ROAD NORTH,5,52979501010,000000,"",13,"",1,ADDRESS NBR 2701-B7  CONTAINS AN INVALID CHARACTER(B) IN POSITION 6.
5168016,2701-B8,52979501,5032300948,"",GOETHALS ROAD NORTH,5,52979501010,000000,"",13,"",1,ADDRESS NBR 2701-B8  CONTAINS AN INVALID CHARACTER(B) IN POSITION 6.
5168017,2701-B9,52979501,5032300948,"",GOETHALS ROAD NORTH,5,52979501010,000000,"",13,"",1,ADDRESS NBR 2701-B9  CONTAINS AN INVALID CHARACTER(B) IN POSITION 6.
5172389,26191,31088001,3040200206,26191,86 STREET,3,31088001010,000000,"",42,"","",ADDRESS NUMBER OUT OF RANGE
5171609,1241,37003001,3038500302,1241,PATCHEN AVENUE,3,37003001010,000000,"",42,"","",ADDRESS NUMBER OUT OF RANGE
5171610,1242,37003001,3038500302,1242,PATCHEN AVENUE,3,37003001010,000000,"",42,"","",ADDRESS NUMBER OUT OF RANGE
5172390,26192,31088001,3040200206,26192,86 STREET,3,31088001010,000000,"",42,"","",ADDRESS NUMBER OUT OF RANGE
5172777,7111,33043001,3120800209,7111,CRESCENT STREET,3,33043001010,000000,"",42,"","",ADDRESS NUMBER OUT OF RANGE
5172778,7112,33043001,3120800209,7112,CRESCENT STREET,3,33043001010,000000,"",42,"","",ADDRESS NUMBER OUT OF RANGE
5172779,7132,33043001,3120800209,7132,CRESCENT STREET,3,33043001010,000000,"",42,"","",ADDRESS NUMBER OUT OF RANGE
5188400,6B,53915001,5023100106,6B,MICHELLE COURT,5,53915001010,000000,"",42,"","",ADDRESS NUMBER OUT OF RANGE
5174330,129A,11891001,1015802106,129A,EAST   97 STREET,1,11891001010,000000,"",42,"","",ADDRESS NUMBER OUT OF RANGE
5176479,29-21,40954001,4003300104,29-21,41 AVENUE,4,40954001010,000000,"",42,"","",ADDRESS NUMBER OUT OF RANGE
5179356,87A,24079001,2000400115,87A,HORIZON COURT,2,24079001010,000000,"",42,"","",ADDRESS NUMBER OUT OF RANGE
5179360,118A,24079501,2000400115,118A,HORIZON LANE,2,24079501010,000000,"",42,"","",ADDRESS NUMBER OUT OF RANGE
5179362,114A,24079501,2000400115,114A,HORIZON LANE,2,24079501010,000000,"",42,"","",ADDRESS NUMBER OUT OF RANGE
5184903,3-17B,41539501,4093900116,3-17B,SOUNDVIEW LANE,4,41539501010,000000,"",42,"","",ADDRESS NUMBER OUT OF RANGE
5179308,125A,24079001,2000400124,125A,HORIZON COURT,2,24079001010,000000,"",42,"","",ADDRESS NUMBER OUT OF RANGE
5179310,121A,24079001,2000400124,121A,HORIZON COURT,2,24079001010,000000,"",42,"","",ADDRESS NUMBER OUT OF RANGE
5179316,111A,24079001,2000400124,111A,HORIZON COURT,2,24079001010,000000,"",42,"","",ADDRESS NUMBER OUT OF RANGE
5179319,105A,24079001,2000400124,105A,HORIZON COURT,2,24079001010,000000,"",42,"","",ADDRESS NUMBER OUT OF RANGE
5179508,2441B,21382001,2033000201,2441B,BOSTON ROAD,2,21382001010,000000,"",42,"","",ADDRESS NUMBER OUT OF RANGE
5183960,507A,37063001,3119600401,507A,PINE STREET,3,37063001010,000000,"",42,"","",ADDRESS NUMBER OUT OF RANGE
5186475,105B,24079001,2000400124,105B,HORIZON COURT,2,24079001010,000000,"",42,"","",ADDRESS NUMBER OUT OF RANGE
5186478,111B,24079001,2000400124,111B,HORIZON COURT,2,24079001010,000000,"",42,"","",ADDRESS NUMBER OUT OF RANGE
5186483,121B,24079001,2000400124,121B,HORIZON COURT,2,24079001010,000000,"",42,"","",ADDRESS NUMBER OUT OF RANGE
5186485,125B,24079001,2000400124,125B,HORIZON COURT,2,24079001010,000000,"",42,"","",ADDRESS NUMBER OUT OF RANGE
5186489,87B,24079001,2000400115,87B,HORIZON COURT,2,24079001010,000000,"",42,"","",ADDRESS NUMBER OUT OF RANGE
5186490,118B,24079501,2000400115,118B,HORIZON LANE,2,24079501010,000000,"",42,"","",ADDRESS NUMBER OUT OF RANGE
5186492,114B,24079501,2000400115,114B,HORIZON LANE,2,24079501010,000000,"",42,"","",ADDRESS NUMBER OUT OF RANGE
5187147,87,38093002,3051100101,87,STAGG WALK,3,38093002010,000000,"",50,"",1,STAGG WALK IS AN INVALID STREET NAME FOR THIS LOCATION
5188004,130,34614101,3016400131,130,GRIMES ROAD NORTH,3,34614101010,000000,"",42,"","",ADDRESS NUMBER OUT OF RANGE
5193598,778C,21572001,2007100105,778C,BROOK AVENUE,2,21572001010,000000,"",42,"","",ADDRESS NUMBER OUT OF RANGE
5189272,5718,30608001,3011600203,5718,10 AVENUE,3,30608001010,000000,"",42,"","",ADDRESS NUMBER OUT OF RANGE
5191075,78A,55619701,5030302140,78A,WOLKOFF LANE,5,55619701010,000000,"",42,"","",ADDRESS NUMBER OUT OF RANGE
5191123,145B,51686001,5027900137,145B,ARTHUR KILL ROAD,5,51686001010,000000,"",42,"","",ADDRESS NUMBER OUT OF RANGE
5191124,145C,51686001,5027900137,145C,ARTHUR KILL ROAD,5,51686001010,000000,"",42,"","",ADDRESS NUMBER OUT OF RANGE
5191125,145D,51686001,5027900137,145D,ARTHUR KILL ROAD,5,51686001010,000000,"",42,"","",ADDRESS NUMBER OUT OF RANGE
5191687,50A,11111504,1001300310,50A,WEST STREET,1,11111504010,000000,"",42,"","",ADDRESS NUMBER OUT OF RANGE
5193463,244B,11381001,1001800208,244B,BROOME STREET,1,11381001010,000000,"",42,"","",ADDRESS NUMBER OUT OF RANGE
5193465,244A,11381001,1001800208,244A,BROOME STREET,1,11381001010,000000,"",42,"","",ADDRESS NUMBER OUT OF RANGE
5189427,30A,52747501,5027702184,30A,ELMWOOD PARK DRIVE,5,52747501010,000000,"",42,"","",ADDRESS NUMBER OUT OF RANGE
5192817,969B,34833001,3112000206,969B,HEGEMAN AVENUE,3,34833001010,000000,"",42,"","",ADDRESS NUMBER OUT OF RANGE
5194046,888A,23642001,2005902101,888A,GRAND CONCOURSE,2,23642001010,000000,"",42,"","",ADDRESS NUMBER OUT OF RANGE
5194803,235A,13647002,1022800302,235A,WEST  135 STREET,1,13647002010,000000,"",42,"","",ADDRESS NUMBER OUT OF RANGE
5195399,334,44969001,4091601157,334,HILLSIDE AVENUE,4,44969001010,000000,"",75,"","",DUPLICATE ADDRESS-USE HILLSIDE AVENUE ROCKAWAYS OR HILLSIDE AVENUE DOUGLASTON
5195195,110,51904501,5017600401,110,BOARDWALK AVENUE,5,51904501010,000000,"",42,"","",ADDRESS NUMBER OUT OF RANGE
9115401,7131,33043001,3120800209,7131,CRESCENT STREET,3,33043001010,000000,"",42,"","",ADDRESS NUMBER OUT OF RANGE
9202385,307,44969001,4091601128,307,HILLSIDE AVENUE,4,44969001010,000000,"",75,"","",DUPLICATE ADDRESS-USE HILLSIDE AVENUE ROCKAWAYS OR HILLSIDE AVENUE DOUGLASTON
9200296,313,44969001,4091601126,313,HILLSIDE AVENUE,4,44969001010,000000,"",75,"","",DUPLICATE ADDRESS-USE HILLSIDE AVENUE ROCKAWAYS OR HILLSIDE AVENUE DOUGLASTON
9215963,305,44969001,4091601128,305,HILLSIDE AVENUE,4,44969001010,000000,"",75,"","",DUPLICATE ADDRESS-USE HILLSIDE AVENUE ROCKAWAYS OR HILLSIDE AVENUE DOUGLASTON
9209141,140-32,,4085900302,140-32,"","","",000000,"",17,"","",BOROUGH CODE IS MISSING
9212871,331,44969001,4091601157,331,HILLSIDE AVENUE,4,44969001010,000000,"",75,"","",DUPLICATE ADDRESS-USE HILLSIDE AVENUE ROCKAWAYS OR HILLSIDE AVENUE DOUGLASTON
9214105,145A,51686001,5027900137,145A,ARTHUR KILL ROAD,5,51686001010,000000,"",42,"","",ADDRESS NUMBER OUT OF RANGE
9206448,317,44969001,4091601126,317,HILLSIDE AVENUE,4,44969001010,000000,"",75,"","",DUPLICATE ADDRESS-USE HILLSIDE AVENUE ROCKAWAYS OR HILLSIDE AVENUE DOUGLASTON
9207437,310,44969001,4091601126,310,HILLSIDE AVENUE,4,44969001010,000000,"",75,"","",DUPLICATE ADDRESS-USE HILLSIDE AVENUE ROCKAWAYS OR HILLSIDE AVENUE DOUGLASTON
9210893,316,44969001,4091601126,316,HILLSIDE AVENUE,4,44969001010,000000,"",75,"","",DUPLICATE ADDRESS-USE HILLSIDE AVENUE ROCKAWAYS OR HILLSIDE AVENUE DOUGLASTON
9211432,329,44969001,4091601157,329,HILLSIDE AVENUE,4,44969001010,000000,"",75,"","",DUPLICATE ADDRESS-USE HILLSIDE AVENUE ROCKAWAYS OR HILLSIDE AVENUE DOUGLASTON
9211793,1440,26462502,2015700910,1440,SHERIDAN EXPRESSWAY SR,2,26462502010,000000,"",50,"",1,SHERIDAN EXPRESSWAY SR IS AN INVALID STREET NAME FOR THIS LOCATION
10172731,170-24A,41854001,4044400163,170-24A,93 AVENUE,4,41854001010,000000,"",42,"","",ADDRESS NUMBER OUT OF RANGE
9236821,4601-B11,23922003,2030701107,"",HENRY HUDSON PARKWAY WEST,2,23922003010,000000,"",13,"",1,ADDRESS NBR 4601-B11  CONTAINS AN INVALID CHARACTER(B) IN POSITION 6.
9236822,4601-B14,23922003,2030701107,"",HENRY HUDSON PARKWAY WEST,2,23922003010,000000,"",13,"",1,ADDRESS NBR 4601-B14  CONTAINS AN INVALID CHARACTER(B) IN POSITION 6.
9236823,4601-B15,23922003,2030701107,"",HENRY HUDSON PARKWAY WEST,2,23922003010,000000,"",13,"",1,ADDRESS NBR 4601-B15  CONTAINS AN INVALID CHARACTER(B) IN POSITION 6.
9236824,4601-B16,23922003,2030701107,"",HENRY HUDSON PARKWAY WEST,2,23922003010,000000,"",13,"",1,ADDRESS NBR 4601-B16  CONTAINS AN INVALID CHARACTER(B) IN POSITION 6.
9236825,4601-B17,23922003,2030701107,"",HENRY HUDSON PARKWAY WEST,2,23922003010,000000,"",13,"",1,ADDRESS NBR 4601-B17  CONTAINS AN INVALID CHARACTER(B) IN POSITION 6.
9236826,4601-B18,23922003,2030701107,"",HENRY HUDSON PARKWAY WEST,2,23922003010,000000,"",13,"",1,ADDRESS NBR 4601-B18  CONTAINS AN INVALID CHARACTER(B) IN POSITION 6.
9236827,4601-B19,23922003,2030701107,"",HENRY HUDSON PARKWAY WEST,2,23922003010,000000,"",13,"",1,ADDRESS NBR 4601-B19  CONTAINS AN INVALID CHARACTER(B) IN POSITION 6.
9236828,4601-B20,23922003,2030701107,"",HENRY HUDSON PARKWAY WEST,2,23922003010,000000,"",13,"",1,ADDRESS NBR 4601-B20  CONTAINS AN INVALID CHARACTER(B) IN POSITION 6.
9236829,4601-B21,23922003,2030701107,"",HENRY HUDSON PARKWAY WEST,2,23922003010,000000,"",13,"",1,ADDRESS NBR 4601-B21  CONTAINS AN INVALID CHARACTER(B) IN POSITION 6.
9236830,4601-B3,23922003,2030701107,"",HENRY HUDSON PARKWAY WEST,2,23922003010,000000,"",13,"",1,ADDRESS NBR 4601-B3  CONTAINS AN INVALID CHARACTER(B) IN POSITION 6.
9236831,4601-B1,23922003,2030701107,"",HENRY HUDSON PARKWAY WEST,2,23922003010,000000,"",13,"",1,ADDRESS NBR 4601-B1  CONTAINS AN INVALID CHARACTER(B) IN POSITION 6.
9236832,4601-B7,23922003,2030701107,"",HENRY HUDSON PARKWAY WEST,2,23922003010,000000,"",13,"",1,ADDRESS NBR 4601-B7  CONTAINS AN INVALID CHARACTER(B) IN POSITION 6.
9236833,4601-B5,23922003,2030701107,"",HENRY HUDSON PARKWAY WEST,2,23922003010,000000,"",13,"",1,ADDRESS NBR 4601-B5  CONTAINS AN INVALID CHARACTER(B) IN POSITION 6.
9236834,4601-C9,23922003,2030701107,"",HENRY HUDSON PARKWAY WEST,2,23922003010,000000,"",13,"",1,ADDRESS NBR 4601-C9  CONTAINS AN INVALID CHARACTER(C) IN POSITION 6.
9236835,4601-C7,23922003,2030701107,"",HENRY HUDSON PARKWAY WEST,2,23922003010,000000,"",13,"",1,ADDRESS NBR 4601-C7  CONTAINS AN INVALID CHARACTER(C) IN POSITION 6.
9236836,4601-C6,23922003,2030701107,"",HENRY HUDSON PARKWAY WEST,2,23922003010,000000,"",13,"",1,ADDRESS NBR 4601-C6  CONTAINS AN INVALID CHARACTER(C) IN POSITION 6.
9236837,4601-C5,23922003,2030701107,"",HENRY HUDSON PARKWAY WEST,2,23922003010,000000,"",13,"",1,ADDRESS NBR 4601-C5  CONTAINS AN INVALID CHARACTER(C) IN POSITION 6.
9236838,4601-C4,23922003,2030701107,"",HENRY HUDSON PARKWAY WEST,2,23922003010,000000,"",13,"",1,ADDRESS NBR 4601-C4  CONTAINS AN INVALID CHARACTER(C) IN POSITION 6.
9236839,4601-C3,23922003,2030701107,"",HENRY HUDSON PARKWAY WEST,2,23922003010,000000,"",13,"",1,ADDRESS NBR 4601-C3  CONTAINS AN INVALID CHARACTER(C) IN POSITION 6.
9236840,4601-C2,23922003,2030701107,"",HENRY HUDSON PARKWAY WEST,2,23922003010,000000,"",13,"",1,ADDRESS NBR 4601-C2  CONTAINS AN INVALID CHARACTER(C) IN POSITION 6.
9236841,4601-B9,23922003,2030701107,"",HENRY HUDSON PARKWAY WEST,2,23922003010,000000,"",13,"",1,ADDRESS NBR 4601-B9  CONTAINS AN INVALID CHARACTER(B) IN POSITION 6.
9236842,4601-A1,23922003,2030701107,"",HENRY HUDSON PARKWAY WEST,2,23922003010,000000,"",13,"",1,ADDRESS NBR 4601-A1  CONTAINS AN INVALID CHARACTER(A) IN POSITION 6.
9236843,4601-A2,23922003,2030701107,"",HENRY HUDSON PARKWAY WEST,2,23922003010,000000,"",13,"",1,ADDRESS NBR 4601-A2  CONTAINS AN INVALID CHARACTER(A) IN POSITION 6.
9236844,4601-A3,23922003,2030701107,"",HENRY HUDSON PARKWAY WEST,2,23922003010,000000,"",13,"",1,ADDRESS NBR 4601-A3  CONTAINS AN INVALID CHARACTER(A) IN POSITION 6.
9236845,4601-A4,23922003,2030701107,"",HENRY HUDSON PARKWAY WEST,2,23922003010,000000,"",13,"",1,ADDRESS NBR 4601-A4  CONTAINS AN INVALID CHARACTER(A) IN POSITION 6.
9236846,4601-A5,23922003,2030701107,"",HENRY HUDSON PARKWAY WEST,2,23922003010,000000,"",13,"",1,ADDRESS NBR 4601-A5  CONTAINS AN INVALID CHARACTER(A) IN POSITION 6.
9236847,4601-A6,23922003,2030701107,"",HENRY HUDSON PARKWAY WEST,2,23922003010,000000,"",13,"",1,ADDRESS NBR 4601-A6  CONTAINS AN INVALID CHARACTER(A) IN POSITION 6.
9236848,4601-A7,23922003,2030701107,"",HENRY HUDSON PARKWAY WEST,2,23922003010,000000,"",13,"",1,ADDRESS NBR 4601-A7  CONTAINS AN INVALID CHARACTER(A) IN POSITION 6.
9236849,4601-A8,23922003,2030701107,"",HENRY HUDSON PARKWAY WEST,2,23922003010,000000,"",13,"",1,ADDRESS NBR 4601-A8  CONTAINS AN INVALID CHARACTER(A) IN POSITION 6.
9236850,4601-A9,23922003,2030701107,"",HENRY HUDSON PARKWAY WEST,2,23922003010,000000,"",13,"",1,ADDRESS NBR 4601-A9  CONTAINS AN INVALID CHARACTER(A) IN POSITION 6.
9236851,4601-A10,23922003,2030701107,"",HENRY HUDSON PARKWAY WEST,2,23922003010,000000,"",13,"",1,ADDRESS NBR 4601-A10  CONTAINS AN INVALID CHARACTER(A) IN POSITION 6.
9236852,4601-A11,23922003,2030701107,"",HENRY HUDSON PARKWAY WEST,2,23922003010,000000,"",13,"",1,ADDRESS NBR 4601-A11  CONTAINS AN INVALID CHARACTER(A) IN POSITION 6.
9236853,4601-A24,23922003,2030701107,"",HENRY HUDSON PARKWAY WEST,2,23922003010,000000,"",13,"",1,ADDRESS NBR 4601-A24  CONTAINS AN INVALID CHARACTER(A) IN POSITION 6.
9236854,4601-A12,23922003,2030701107,"",HENRY HUDSON PARKWAY WEST,2,23922003010,000000,"",13,"",1,ADDRESS NBR 4601-A12  CONTAINS AN INVALID CHARACTER(A) IN POSITION 6.
9236855,4601-A14,23922003,2030701107,"",HENRY HUDSON PARKWAY WEST,2,23922003010,000000,"",13,"",1,ADDRESS NBR 4601-A14  CONTAINS AN INVALID CHARACTER(A) IN POSITION 6.
9236856,4601-A15,23922003,2030701107,"",HENRY HUDSON PARKWAY WEST,2,23922003010,000000,"",13,"",1,ADDRESS NBR 4601-A15  CONTAINS AN INVALID CHARACTER(A) IN POSITION 6.
9236857,4601-A16,23922003,2030701107,"",HENRY HUDSON PARKWAY WEST,2,23922003010,000000,"",13,"",1,ADDRESS NBR 4601-A16  CONTAINS AN INVALID CHARACTER(A) IN POSITION 6.
10168544,265,38633001,3005900308,265,UNDERHILL AVENUE,3,38633001010,000000,"",42,"","",ADDRESS NUMBER OUT OF RANGE
10170853,3-17A,41539501,4093900116,3-17A,SOUNDVIEW LANE,4,41539501010,000000,"",42,"","",ADDRESS NUMBER OUT OF RANGE
9236858,4601-A17,23922003,2030701107,"",HENRY HUDSON PARKWAY WEST,2,23922003010,000000,"",13,"",1,ADDRESS NBR 4601-A17  CONTAINS AN INVALID CHARACTER(A) IN POSITION 6.
9236859,4601-A18,23922003,2030701107,"",HENRY HUDSON PARKWAY WEST,2,23922003010,000000,"",13,"",1,ADDRESS NBR 4601-A18  CONTAINS AN INVALID CHARACTER(A) IN POSITION 6.
9236860,4601-A19,23922003,2030701107,"",HENRY HUDSON PARKWAY WEST,2,23922003010,000000,"",13,"",1,ADDRESS NBR 4601-A19  CONTAINS AN INVALID CHARACTER(A) IN POSITION 6.
9236861,4601-A20,23922003,2030701107,"",HENRY HUDSON PARKWAY WEST,2,23922003010,000000,"",13,"",1,ADDRESS NBR 4601-A20  CONTAINS AN INVALID CHARACTER(A) IN POSITION 6.
9236862,4601-A21,23922003,2030701107,"",HENRY HUDSON PARKWAY WEST,2,23922003010,000000,"",13,"",1,ADDRESS NBR 4601-A21  CONTAINS AN INVALID CHARACTER(A) IN POSITION 6.
9236863,4601-A22,23922003,2030701107,"",HENRY HUDSON PARKWAY WEST,2,23922003010,000000,"",13,"",1,ADDRESS NBR 4601-A22  CONTAINS AN INVALID CHARACTER(A) IN POSITION 6.
9236864,4601-A23,23922003,2030701107,"",HENRY HUDSON PARKWAY WEST,2,23922003010,000000,"",13,"",1,ADDRESS NBR 4601-A23  CONTAINS AN INVALID CHARACTER(A) IN POSITION 6.
10173733,135-24,46008001,4005800110,135-24,REDDING STREET,4,46008001010,000000,"",42,"","",ADDRESS NUMBER OUT OF RANGE
10179720,37,11300001,1006700301,37,BEDFORD STREET,1,11300001010,000000,"",42,"","",ADDRESS NUMBER OUT OF RANGE
10174491,141-58,40549001,4094500113,141-58,9 AVENUE,4,40549001010,000000,"",42,"","",ADDRESS NUMBER OUT OF RANGE
10176786,201A,11401001,1004100403,201A,CANAL STREET,1,11401001010,000000,"",42,"","",ADDRESS NUMBER OUT OF RANGE
